{"0": {"MeanWordLength": [4.50352112676056, 4.75], "num_0": [0.0804020100502513, 0.102564102564103], "verbs_quan": [0.0285714285714286, 0.0476190476190476], "MaxSentLength": [30, 37], "num_sents": [0.0437158469945355, 0.0526315789473684], "num_cl": [0.0726256983240224, 0.0865800865800866], "num_intro_groups": [0.0128205128205128, 0.0228571428571429], "num_np": [0.325, 0.365979381443299], "num_stopwords": [0.141552511415525, 0.166666666666667], "MarkOverflow": false, "num_tokens": [167, 194]}, "65": {"MeanWordLength": [4.53048780487805, 4.78658536585366], "num_0": [0.0754716981132075, 0.0958904109589041], "verbs_quan": [0.0348258706467662, 0.0548523206751055], "MaxSentLength": [31, 39], "num_sents": [0.0418250950570342, 0.0497925311203319], "num_cl": [0.0714285714285714, 0.0841121495327103], "num_intro_groups": [0.0138888888888889, 0.0239520958083832], "num_np": [0.320652173913043, 0.357142857142857], "num_stopwords": [0.139664804469274, 0.161458333333333], "MarkOverflow": false, "num_tokens": [178, 205]}, "35": {"MeanWordLength": [4.5034965034965, 4.74846625766871], "num_0": [0.080188679245283, 0.101851851851852], "verbs_quan": [0.0285714285714286, 0.0473372781065089], "MaxSentLength": [30, 37], "num_sents": [0.0436893203883495, 0.0526315789473684], "num_cl": [0.0726256983240224, 0.0864197530864197], "num_intro_groups": [0.0129032258064516, 0.0228571428571429], "num_np": [0.3248730964467, 0.365482233502538], "num_stopwords": [0.141509433962264, 0.165829145728643], "MarkOverflow": false, "num_tokens": [167, 194]}, "100": {"num_sents": [0.0432098765432099, 0.0436893203883495], "num_intro_groups": [0.0185185185185185, 0.035], "MarkOverflow": true, "MaxSentLength": [35, 37], "MeanWordLength": [4.74375, 4.79], "num_0": [0.08, 0.0864197530864197], "num_tokens": [162, 206], "num_cl": [0.0679611650485437, 0.0925925925925926], "num_np": [0.257281553398058, 0.37037037037037], "verbs_quan": [0.0123456790123457, 0.0738916256157636], "num_stopwords": [0.160493827160494, 0.17]}, "5": {"MeanWordLength": [4.50352112676056, 4.75], "num_0": [0.0804020100502513, 0.102564102564103], "verbs_quan": [0.0285714285714286, 0.0476190476190476], "MaxSentLength": [30, 37], "num_sents": [0.0437158469945355, 0.0526315789473684], "num_cl": [0.0726256983240224, 0.0865800865800866], "num_intro_groups": [0.0128205128205128, 0.0228571428571429], "num_np": [0.325, 0.365979381443299], "num_stopwords": [0.141552511415525, 0.166666666666667], "MarkOverflow": false, "num_tokens": [167, 194]}, "70": {"MeanWordLength": [4.59770114942529, 4.85238095238095], "num_0": [0.0753768844221105, 0.0958904109589041], "verbs_quan": [0.0351758793969849, 0.052434456928839], "MaxSentLength": [31, 38], "num_sents": [0.0414746543778802, 0.0508474576271186], "num_cl": [0.0714285714285714, 0.0869565217391304], "num_intro_groups": [0.0147058823529412, 0.0257731958762887], "num_np": [0.318840579710145, 0.353260869565217], "num_stopwords": [0.136792452830189, 0.158536585365854], "MarkOverflow": false, "num_tokens": [187, 214]}, "40": {"MeanWordLength": [4.50335570469799, 4.74846625766871], "num_0": [0.080188679245283, 0.101694915254237], "verbs_quan": [0.0285714285714286, 0.0473372781065089], "MaxSentLength": [30, 37], "num_sents": [0.0436681222707424, 0.0526315789473684], "num_cl": [0.0726256983240224, 0.0864197530864197], "num_intro_groups": [0.0129032258064516, 0.0228571428571429], "num_np": [0.325, 0.365638766519824], "num_stopwords": [0.141509433962264, 0.165829145728643], "MarkOverflow": false, "num_tokens": [167, 194]}, "10": {"MeanWordLength": [4.50352112676056, 4.75], "num_0": [0.0804020100502513, 0.102564102564103], "verbs_quan": [0.0285714285714286, 0.0476190476190476], "MaxSentLength": [30, 37], "num_sents": [0.0437158469945355, 0.0526315789473684], "num_cl": [0.0726256983240224, 0.0865800865800866], "num_intro_groups": [0.0128205128205128, 0.0228571428571429], "num_np": [0.325, 0.365979381443299], "num_stopwords": [0.141552511415525, 0.166666666666667], "MarkOverflow": false, "num_tokens": [167, 194]}, "75": {"MeanWordLength": [4.62251655629139, 4.79], "num_0": [0.0723684210526316, 0.0864197530864197], "verbs_quan": [0.0346820809248555, 0.0590717299578059], "MaxSentLength": [31, 37], "num_sents": [0.040590405904059, 0.0487804878048781], "num_cl": [0.0714285714285714, 0.0869565217391304], "num_intro_groups": [0.0181818181818182, 0.0298507462686567], "num_np": [0.317365269461078, 0.362745098039216], "num_stopwords": [0.143478260869565, 0.17], "MarkOverflow": false, "num_tokens": [173, 224]}, "45": {"MeanWordLength": [4.5034965034965, 4.74838709677419], "num_0": [0.080188679245283, 0.101626016260163], "verbs_quan": [0.0285714285714286, 0.0476190476190476], "MaxSentLength": [30, 37], "num_sents": [0.0434782608695652, 0.0523255813953488], "num_cl": [0.072463768115942, 0.0862068965517241], "num_intro_groups": [0.0129032258064516, 0.0228013029315961], "num_np": [0.324675324675325, 0.365482233502538], "num_stopwords": [0.141509433962264, 0.165680473372781], "MarkOverflow": false, "num_tokens": [168, 195]}, "15": {"MeanWordLength": [4.50352112676056, 4.7487922705314], "num_0": [0.0804020100502513, 0.102189781021898], "verbs_quan": [0.0285714285714286, 0.0476190476190476], "MaxSentLength": [30, 37], "num_sents": [0.0437158469945355, 0.0526315789473684], "num_cl": [0.0726256983240224, 0.0864197530864197], "num_intro_groups": [0.0128755364806867, 0.0228571428571429], "num_np": [0.325, 0.365979381443299], "num_stopwords": [0.141552511415525, 0.166666666666667], "MarkOverflow": false, "num_tokens": [167, 194]}, "80": {"MeanWordLength": [4.60424028268551, 4.74375], "num_0": [0.0636042402826855, 0.08], "verbs_quan": [0.0123456790123457, 0.0671378091872792], "MaxSentLength": [35, 46], "num_sents": [0.037542662116041, 0.0436893203883495], "num_cl": [0.063953488372093, 0.0716723549488055], "num_intro_groups": [0.00657894736842105, 0.035], "num_np": [0.257281553398058, 0.37037037037037], "num_stopwords": [0.102473498233216, 0.17], "MarkOverflow": false, "num_tokens": [162, 206]}, "50": {"MeanWordLength": [4.50352112676056, 4.74301675977654], "num_0": [0.08, 0.101694915254237], "verbs_quan": [0.0285714285714286, 0.048], "MaxSentLength": [30, 37], "num_sents": [0.0434782608695652, 0.0521327014218009], "num_cl": [0.072463768115942, 0.0858895705521472], "num_intro_groups": [0.0128755364806867, 0.0227272727272727], "num_np": [0.324175824175824, 0.364640883977901], "num_stopwords": [0.141414141414141, 0.165644171779141], "MarkOverflow": false, "num_tokens": [168, 195]}, "20": {"MeanWordLength": [4.5034965034965, 4.74846625766871], "num_0": [0.0804020100502513, 0.102150537634409], "verbs_quan": [0.0285714285714286, 0.0476190476190476], "MaxSentLength": [30, 37], "num_sents": [0.0437158469945355, 0.0526315789473684], "num_cl": [0.0726256983240224, 0.0864197530864197], "num_intro_groups": [0.0128755364806867, 0.0228571428571429], "num_np": [0.3248730964467, 0.365638766519824], "num_stopwords": [0.141509433962264, 0.166666666666667], "MarkOverflow": false, "num_tokens": [167, 194]}, "85": {"MeanWordLength": [4.74375, 4.79], "num_0": [0.08, 0.0864197530864197], "verbs_quan": [0.0123456790123457, 0.0738916256157636], "MaxSentLength": [35, 37], "num_sents": [0.0432098765432099, 0.0436893203883495], "num_cl": [0.0679611650485437, 0.0925925925925926], "num_intro_groups": [0.0185185185185185, 0.035], "num_np": [0.257281553398058, 0.37037037037037], "num_stopwords": [0.160493827160494, 0.17], "MarkOverflow": false, "num_tokens": [162, 206]}, "55": {"MeanWordLength": [4.51882845188285, 4.75877192982456], "num_0": [0.0804597701149425, 0.101626016260163], "verbs_quan": [0.0304878048780488, 0.0494505494505495], "MaxSentLength": [30, 37], "num_sents": [0.0432098765432099, 0.0516431924882629], "num_cl": [0.0723404255319149, 0.0857142857142857], "num_intro_groups": [0.0130434782608696, 0.0228571428571429], "num_np": [0.32258064516129, 0.36318407960199], "num_stopwords": [0.141304347826087, 0.164705882352941], "MarkOverflow": false,