{"0": {"num_sents": [0.048469387755102, 0.0571428571428571], "MaxWordLength": [13, 15], "spell_q": [0.0125391849529781, 0.0239520958083832], "MaxSentLength": [32, 38], "MarkOverflow": false, "num_tokens": [256, 291], "MeanWordLength": [4.65587044534413, 4.87333333333333], "ger_inf": [0.0508474576271186, 0.0649819494584837], "num_b1": [0.037037037037037, 0.0498084291187739], "TimeAndSequence": [0.00516795865633075, 0.0111111111111111], "verbs_quan": [0.0452830188679245, 0.0620689655172414], "num_c1": [0.00680272108843537, 0.0121212121212121], "num_unique": [0.474193548387097, 0.516014234875445], "num_most_common_repetition": [0.0205655526992288, 0.0278884462151394]}, "65": {"num_sents": [0.0471014492753623, 0.0547445255474453], "MaxWordLength": [13, 16], "spell_q": [0.0102739726027397, 0.0193548387096774], "MaxSentLength": [33, 39], "MarkOverflow": false, "num_tokens": [273, 306], "MeanWordLength": [4.69969040247678, 4.90459363957597], "ger_inf": [0.0542986425339367, 0.0664335664335664], "num_b1": [0.0403225806451613, 0.051792828685259], "TimeAndSequence": [0.00550964187327824, 0.0106007067137809], "verbs_quan": [0.0520446096654275, 0.0670553935860058], "num_c1": [0.00783289817232376, 0.0136054421768707], "num_unique": [0.471014492753623, 0.511450381679389], "num_most_common_repetition": [0.0190839694656489, 0.0258397932816537]}, "35": {"num_sents": [0.0483870967741935, 0.0569395017793594], "MaxWordLength": [13, 15], "spell_q": [0.012396694214876, 0.0238095238095238], "MaxSentLength": [32, 38], "MarkOverflow": false, "num_tokens": [257, 291], "MeanWordLength": [4.65587044534413, 4.87384615384615], "ger_inf": [0.0508982035928144, 0.0650684931506849], "num_b1": [0.037037037037037, 0.0497925311203319], "TimeAndSequence": [0.00527704485488127, 0.0111111111111111], "verbs_quan": [0.0454545454545455, 0.0620689655172414], "num_c1": [0.00684931506849315, 0.0120967741935484], "num_unique": [0.474074074074074, 0.515267175572519], "num_most_common_repetition": [0.0205479452054795, 0.0276679841897233]}, "100": {"num_sents": [0.0549450549450549, 0.0588235294117647], "MaxWordLength": [17, 17], "TimeAndSequence": [0.0, 0.0136054421768707], "MarkOverflow": true, "spell_q": [0.0065359477124183, 0.00732600732600733], "MeanWordLength": [4.68275862068966, 4.86397058823529], "ger_inf": [0.0620915032679739, 0.0695970695970696], "num_b1": [0.0340136054421769, 0.0661764705882353], "MaxSentLength": [26, 30], "num_tokens": [273, 306], "verbs_quan": [0.0625, 0.0726072607260726], "num_c1": [0.0170068027210884, 0.0257352941176471], "num_unique": [0.459183673469388, 0.5], "num_most_common_repetition": [0.0170068027210884, 0.0220588235294118]}, "5": {"num_sents": [0.048469387755102, 0.0571428571428571], "MaxWordLength": [13, 15], "spell_q": [0.0125391849529781, 0.0239520958083832], "MaxSentLength": [32, 38], "MarkOverflow": false, "num_tokens": [256, 291], "MeanWordLength": [4.65587044534413, 4.87333333333333], "ger_inf": [0.0508474576271186, 0.0649819494584837], "num_b1": [0.037037037037037, 0.0498084291187739], "TimeAndSequence": [0.00516795865633075, 0.0111111111111111], "verbs_quan": [0.0452830188679245, 0.0620689655172414], "num_c1": [0.00680272108843537, 0.0121212121212121], "num_unique": [0.474193548387097, 0.516014234875445], "num_most_common_repetition": [0.0205655526992288, 0.0278884462151394]}, "70": {"num_sents": [0.0465116279069767, 0.0537313432835821], "MaxWordLength": [13, 16], "spell_q": [0.0103092783505155, 0.0209059233449477], "MaxSentLength": [32, 39], "MarkOverflow": false, "num_tokens": [277, 318], "MeanWordLength": [4.765625, 4.95477386934673], "ger_inf": [0.0598006644518272, 0.0707070707070707], "num_b1": [0.043859649122807, 0.0542986425339367], "TimeAndSequence": [0.00446428571428571, 0.00917431192660551], "verbs_quan": [0.0575539568345324, 0.0726072607260726], "num_c1": [0.00904977375565611, 0.0171428571428571], "num_unique": [0.477987421383648, 0.526143790849673], "num_most_common_repetition": [0.0179856115107914, 0.0255591054313099]}, "40": {"num_sents": [0.0483271375464684, 0.0569105691056911], "MaxWordLength": [13, 15], "spell_q": [0.012396694214876, 0.0238095238095238], "MaxSentLength": [32, 39], "MarkOverflow": false, "num_tokens": [257, 291], "MeanWordLength": [4.65587044534413, 4.87384615384615], "ger_inf": [0.0508982035928144, 0.0649819494584837], "num_b1": [0.037037037037037, 0.0497925311203319], "TimeAndSequence": [0.00529100529100529, 0.0111111111111111], "verbs_quan": [0.0453257790368272, 0.0620689655172414], "num_c1": [0.00684931506849315, 0.0120481927710843], "num_unique": [0.473684210526316, 0.514767932489452], "num_most_common_repetition": [0.0205479452054795, 0.0276497695852535]}, "10": {"num_sents": [0.048469387755102, 0.0571428571428571], "MaxWordLength": [13, 15], "spell_q": [0.0125391849529781, 0.0239520958083832], "MaxSentLength": [32, 38], "MarkOverflow": false, "num_tokens": [256, 291], "MeanWordLength": [4.65587044534413, 4.87333333333333], "ger_inf": [0.0508474576271186, 0.0649819494584837], "num_b1": [0.037037037037037, 0.0498084291187739], "TimeAndSequence": [0.00516795865633075, 0.0111111111111111], "verbs_quan": [0.0452830188679245, 0.0620689655172414], "num_c1": [0.00680272108843537, 0.0121212121212121], "num_unique": [0.474193548387097, 0.516014234875445], "num_most_common_repetition": [0.0205655526992288, 0.0278884462151394]}, "75": {"num_sents": [0.0512820512820513, 0.0576923076923077], "MaxWordLength": [14, 17], "spell_q": [0.0065359477124183, 0.0136054421768707], "MaxSentLength": [32, 35], "MarkOverflow": false, "num_tokens": [261, 301], "MeanWordLength": [4.68275862068966, 4.90079365079365], "ger_inf": [0.0616438356164384, 0.0702702702702703], "num_b1": [0.04, 0.0542857142857143], "TimeAndSequence": [0.00396825396825397, 0.0069204152249135], "verbs_quan": [0.0625, 0.073972602739726], "num_c1": [0.00826446280991736, 0.0172910662824208], "num_unique": [0.459183673469388, 0.498293515358362], "num_most_common_repetition": [0.0183823529411765, 0.0255591054313099]}, "45": {"num_sents": [0.0482758620689655, 0.0568561872909699], "MaxWordLength": [13, 15], "spell_q": [0.012396694214876, 0.0237154150197628], "MaxSentLength": [32, 39], "MarkOverflow": false, "num_tokens": [258, 291], "MeanWordLength": [4.65714285714286, 4.87407407407407], "ger_inf": [0.0509915014164306, 0.0649819494584837], "num_b1": [0.037037037037037, 0.049618320610687], "TimeAndSequence": [0.0051150895140665, 0.0110294117647059], "verbs_quan": [0.0454545454545455, 0.0625], "num_c1": [0.00684931506849315, 0.0121212121212121], "num_unique": [0.473282442748092, 0.514184397163121], "num_most_common_repetition": [0.0204081632653061, 0.0275590551181102]}, "15": {"num_sents": [0.0484429065743945, 0.0571428571428571], "MaxWordLength": [13, 15], "spell_q": [0.012448132780083, 0.0238907849829352], "MaxSentLength": [32, 38], "MarkOverflow": false, "num_tokens": [256, 291], "MeanWordLength": [4.65587044534413, 4.87333333333333], "ger_inf": [0.05078125, 0.0648854961832061], "num_b1": [0.037037037037037, 0.0497925311203319], "TimeAndSequence": [0.00516795865633075, 0.0111111111111111], "verbs_quan": [0.0452674897119342, 0.062043795620438], "num_c1": [0.00680272108843537, 0.0121212121212121], "num_unique": [0.474193548387097, 0.515679442508711], "num_most_common_repetition": [0.0205479452054795, 0.0278637770897833]}, "80": {"num_sents": [0.0549450549450549, 0.0588235294117647], "MaxWordLength": [17, 17], "spell_q": [0.0065359477124183, 0.00732600732600733], "MaxSentLength": [26, 30], "MarkOverflow": false, "num_tokens": [273, 306], "MeanWordLength": [4.68275862068966, 4.86397058823529], "ger_inf": [0.0620915032679739, 0.0695970695970696], "num_b1": [0.0340136054421769, 0.0661764705882353], "TimeAndSequence": [0.0, 0.0136054421768707], "verbs_quan": [0.0625, 0.0726072607260726], "num_c1": [0.0170068027210884, 0.0257352941176471], "num_unique": [0.459183673469388, 0.5], "num_most_common_repetition": [0.0170068027210884, 0.0220588235294118]},